luiz andre,igarassu,987622312,luiz@gmail.com,12234567890,pai

luzia angelica,igarassu,994050928,luzia@gmail.com,13435829460,mae


luiz andre,igarassu,0992765186,luiz@gmail.com,13435829460,pai

miguel israel,igarassu,88777622,israel@gmail.com,13435829460,irmão

Rute valenia,igarassu,8822662,rute@gmail.com,13435829460,irmã

João Gabriel,igarassu,888822221,j@gmail.com,13435829460,sobrinho


Hudson,IGARASSU,99872213,hudson@gmail.com,13435829460,sobrinho


miguel gabriel,igarassu,081992765185,gabrielogabriel10@gmail.com,123445665789,Filho


Miguel Gabriel,Igarassu,081992765185,gabrielogabriel10@gmail.com,13412234589,Tio

